aa,coords_rate,no_coords_rate
W,0.16049382716049382,0.1206896551724138
Q,0.17970401691331925,0.1144578313253012
M,0.21515151515151515,0.20606060606060606
N,0.23175182481751824,0.142578125
F,0.26277372262773724,0.15863453815261044
Y,0.2631578947368421,0.14320388349514562
T,0.26825842696629215,0.13817663817663817
S,0.2775229357798165,0.17125
C,0.2832369942196532,0.19318181818181818
R,0.31721194879089615,0.16407355021216408
I,0.3183098591549296,0.14919354838709678
H,0.3412698412698413,0.2971698113207547
V,0.35444444444444445,0.16923076923076924
K,0.3952513966480447,0.24935064935064935
D,0.40437158469945356,0.2041343669250646
A,0.42535971223021585,0.2750439367311072
E,0.44394110985277463,0.25054945054945055
L,0.5166666666666667,0.473328324567994
P,0.5837173579109063,0.15121951219512195
G,0.6208732694355698,0.24134199134199133
